Variable,MAE,RMSE
Close,27.62265147226787,34.205078479601546
High,29.999558324195903,36.62347255118641
Low,29.19462947848136,35.25810767699454
