Variable,Importance
Close,728.6563790462927
High,593.8716972485024
Low,653.20544086955
